<?xml version="1.0" encoding="UTF-8"?>
<beans xmlns="http://www.springframework.org/schema/beans"
 xmlns:xsi="http://www.w3.org/2001/XMLSchema-instance"
 xmlns:p="http://www.springframework.org/schema/p"
    xmlns:mongo="http://www.springframework.org/schema/data/mongo"
 xsi:schemaLocation="http://www.springframework.org/schema/beans 
      http://www.springframework.org/schema/beans/spring-beans-3.0.xsd
      http://www.springframework.org/schema/data/mongo
      http://www.springframework.org/schema/data/mongo/spring-mongo-1.0.xsd">
  
 <!-- Default bean name is 'mongo' -->
 <mongo:mongo host="localhost" port="27017"/>
  <!-- Default bean name is 'mongo' -->
	<mongo:mongo>
		<mongo:options connections-per-host="100"
			threads-allowed-to-block-for-connection-multiplier="5"
            max-wait-time="120000000"
            connect-timeout="10000000"
            socket-keep-alive="true"
            socket-timeout="15000000"
            auto-connect-retry="true"/>
	</mongo:mongo>
 <!-- Offers convenience methods and automatic mapping between MongoDB JSON documents and your domain classes. -->
   <bean id="mongoTemplate" class="org.springframework.data.mongodb.core.MongoTemplate">
     	 <constructor-arg ref="mongo"/>
		 <constructor-arg name="databaseName" value="mydb"/>
   </bean>
    
</beans>